-- This file is used to initialize the database data when the database is created for the first time.
-- Insert the initial data of the system

-- Insert user data
INSERT INTO s_user (id, created_at, created_by, updated_at, updated_by, channel, deleted_at, last_login_fail_time, login_fail, password, status, username) VALUES ('00000000-0000-0000-0000-000000000001', current_timestamp, 'initialize', current_timestamp, 'initialize', 'orca', null, null, 0, '$2a$10$w0hzVOLhKkp05JxiIKt.Pe1bhp4jaMJW0Sw92qT7nRDJD2SB7EubG', 0, 'administrator');

-- Insert user information data
INSERT INTO s_user_info (id, created_at, created_by, updated_at, updated_by, address, avatar, birthday, deleted_at, email, gender, name, nickname, phone, user_id) VALUES ('00000000-0000-0000-0000-000000000001', current_timestamp, 'initialize', current_timestamp, 'initialize', null, 'https://bali-attachment.oss-cn-shanghai.aliyuncs.com/bali/avatar/avatar.jpeg', '2024-01-25', null, 'pettyferlove@live.cn', 1, 'Pettyfer Alex', 'Pettyfer', '13094186549', '00000000-0000-0000-0000-000000000001');

-- Insert role data
INSERT INTO s_role (id, created_at, created_by, updated_at, updated_by, deleted_at, remark, role, role_category, role_name, role_type, valid) VALUES ('00000000-0000-0000-0000-000000000001', current_timestamp, 'initialize', current_timestamp, 'initialize', null, null, 'ROLE_SUPER_ADMIN', '管理员', '超级管理员角色', 'SYSTEM', true);
INSERT INTO s_role (id, created_at, created_by, updated_at, updated_by, deleted_at, remark, role, role_category, role_name, role_type, valid) VALUES ('00000000-0000-0000-0000-000000000002', current_timestamp, 'initialize', current_timestamp, 'initialize', null, null, 'ROLE_ADMIN', '管理员', '管理员角色', 'BUSINESS', true);
INSERT INTO s_role (id, created_at, created_by, updated_at, updated_by, deleted_at, remark, role, role_category, role_name, role_type, valid) VALUES ('00000000-0000-0000-0000-000000000003', current_timestamp, 'initialize', current_timestamp, 'initialize', null, null, 'ROLE_USER', '常用', '普通用户角色', 'BUSINESS', true);

-- Insert permission data
insert into s_permission (id, created_at, created_by, updated_at, updated_by, deleted_at, parent_id, permission, permission_metadata, permission_method, permission_name, permission_type, permission_url, remark, sort, valid) values ('00000000-0000-0000-0000-000000000001', current_timestamp, 'initialize', current_timestamp, 'initialize', null, null, 'page:/dashboard', null, null, 'Dashboard', 'PAGE', '/dashboard', '', 0, true);
insert into s_permission (id, created_at, created_by, updated_at, updated_by, deleted_at, parent_id, permission, permission_metadata, permission_method, permission_name, permission_type, permission_url, remark, sort, valid) values ('00000000-0000-0000-0000-000000000002', current_timestamp, 'initialize', current_timestamp, 'initialize', null, '00000000-0000-0000-0000-000000000001', 'page:/dashboard/workbench', null, null, '仪表板', 'PAGE', '/dashboard/workbench', '', 0, true);
insert into s_permission (id, created_at, created_by, updated_at, updated_by, deleted_at, parent_id, permission, permission_metadata, permission_method, permission_name, permission_type, permission_url, remark, sort, valid) values ('00000000-0000-0000-0000-000000000003', current_timestamp, 'initialize', current_timestamp, 'initialize', null, '00000000-0000-0000-0000-000000000001', 'page:/dashboard/analysis', null, null, '数据分析', 'PAGE', '/dashboard/analysis', '', 1, true);
insert into s_permission (id, created_at, created_by, updated_at, updated_by, deleted_at, parent_id, permission, permission_metadata, permission_method, permission_name, permission_type, permission_url, remark, sort, valid) values ('00000000-0000-0000-0000-000000000004', current_timestamp, 'initialize', current_timestamp, 'initialize', null, null, 'page:/access-control', null, null, '访问控制', 'PAGE', '/access-control', null, 1, true);
insert into s_permission (id, created_at, created_by, updated_at, updated_by, deleted_at, parent_id, permission, permission_metadata, permission_method, permission_name, permission_type, permission_url, remark, sort, valid) values ('00000000-0000-0000-0000-000000000005', current_timestamp, 'initialize', current_timestamp, 'initialize', null, '00000000-0000-0000-0000-000000000004', 'page:/access-control/permission', null, null, '权限管理', 'PAGE', '/access-control/permission', null, 0, true);
insert into s_permission (id, created_at, created_by, updated_at, updated_by, deleted_at, parent_id, permission, permission_metadata, permission_method, permission_name, permission_type, permission_url, remark, sort, valid) values ('00000000-0000-0000-0000-000000000006', current_timestamp, 'initialize', current_timestamp, 'initialize', null, '00000000-0000-0000-0000-000000000004', 'page:/access-control/user', null, null, '用户管理', 'PAGE', '/access-control/user', null, 1, true);
insert into s_permission (id, created_at, created_by, updated_at, updated_by, deleted_at, parent_id, permission, permission_metadata, permission_method, permission_name, permission_type, permission_url, remark, sort, valid) values ('00000000-0000-0000-0000-000000000007', current_timestamp, 'initialize', current_timestamp, 'initialize', null, '00000000-0000-0000-0000-000000000004', 'page:/access-control/role', null, null, '角色管理', 'PAGE', '/access-control/role', null, 2, true);
insert into s_permission (id, created_at, created_by, updated_at, updated_by, deleted_at, parent_id, permission, permission_metadata, permission_method, permission_name, permission_type, permission_url, remark, sort, valid) values ('00000000-0000-0000-0000-000000000008', current_timestamp, 'initialize', current_timestamp, 'initialize', null, null, 'page:/document', null, null, '技术文档', 'PAGE', '/document', '', 2, true);
insert into s_permission (id, created_at, created_by, updated_at, updated_by, deleted_at, parent_id, permission, permission_metadata, permission_method, permission_name, permission_type, permission_url, remark, sort, valid) values ('00000000-0000-0000-0000-000000000009', current_timestamp, 'initialize', current_timestamp, 'initialize', null, '00000000-0000-0000-0000-000000000008', 'page:/document/vite', null, null, 'Vite文档', 'PAGE', '/document/vite', '', 0, true);
insert into s_permission (id, created_at, created_by, updated_at, updated_by, deleted_at, parent_id, permission, permission_metadata, permission_method, permission_name, permission_type, permission_url, remark, sort, valid) values ('00000000-0000-0000-0000-000000000010', current_timestamp, 'initialize', current_timestamp, 'initialize', null, '00000000-0000-0000-0000-000000000008', 'page:/document/naive', null, null, 'NaiveUI文档', 'PAGE', '/document/naive', '', 1, true);
insert into s_permission (id, created_at, created_by, updated_at, updated_by, deleted_at, parent_id, permission, permission_metadata, permission_method, permission_name, permission_type, permission_url, remark, sort, valid) values ('00000000-0000-0000-0000-000000000011', current_timestamp, 'initialize', current_timestamp, 'initialize', null, '00000000-0000-0000-0000-000000000008', 'page:/document/unocss', null, null, 'UnoCSS文档', 'PAGE', '/document/unocss', '', 2, true);
insert into s_permission (id, created_at, created_by, updated_at, updated_by, deleted_at, parent_id, permission, permission_metadata, permission_method, permission_name, permission_type, permission_url, remark, sort, valid) values ('00000000-0000-0000-0000-000000000012', current_timestamp, 'initialize', current_timestamp, 'initialize', null, '00000000-0000-0000-0000-000000000008', 'page:/document/vue3', null, null, 'Vue3文档', 'PAGE', '/document/vue3', '', 3, true);
insert into s_permission (id, created_at, created_by, updated_at, updated_by, deleted_at, parent_id, permission, permission_metadata, permission_method, permission_name, permission_type, permission_url, remark, sort, valid) values ('00000000-0000-0000-0000-000000000013', current_timestamp, 'initialize', current_timestamp, 'initialize', null, null, 'page:/other', null, null, '其他信息', 'PAGE', '/other', '', 3, true);
insert into s_permission (id, created_at, created_by, updated_at, updated_by, deleted_at, parent_id, permission, permission_metadata, permission_method, permission_name, permission_type, permission_url, remark, sort, valid) values ('00000000-0000-0000-0000-000000000014', current_timestamp, 'initialize', current_timestamp, 'initialize', null, '00000000-0000-0000-0000-000000000013', 'page:/other/about', null, null, '关于我', 'PAGE', '/other/about', '', 0, true);

-- Insert menu data
insert into s_menu (id, created_at, created_by, updated_at, updated_by, deleted_at, icon, label, parent_id, path, permission_id, sort, valid, visible) values ('00000000-0000-0000-0000-000000000001', current_timestamp, 'initialize', current_timestamp, 'initialize', null, 'ant-design:appstore-outlined', 'Dashboard', null, '/dashboard', '00000000-0000-0000-0000-000000000001', 0, true, true);
insert into s_menu (id, created_at, created_by, updated_at, updated_by, deleted_at, icon, label, parent_id, path, permission_id, sort, valid, visible) values ('00000000-0000-0000-0000-000000000002', current_timestamp, 'initialize', current_timestamp, 'initialize', null, 'ant-design:compass-twotone', '仪表板', '00000000-0000-0000-0000-000000000001', '/dashboard/workbench', '00000000-0000-0000-0000-000000000002', 0, true, true);
insert into s_menu (id, created_at, created_by, updated_at, updated_by, deleted_at, icon, label, parent_id, path, permission_id, sort, valid, visible) values ('00000000-0000-0000-0000-000000000003', current_timestamp, 'initialize', current_timestamp, 'initialize', null, 'ant-design:fund-outlined', '数据分析', '00000000-0000-0000-0000-000000000001', '/dashboard/analysis', '00000000-0000-0000-0000-000000000003', 1, true, true);
insert into s_menu (id, created_at, created_by, updated_at, updated_by, deleted_at, icon, label, parent_id, path, permission_id, sort, valid, visible) values ('00000000-0000-0000-0000-000000000004', current_timestamp, 'initialize', current_timestamp, 'initialize', null, 'ant-design:control-outlined', '访问控制', null, '/access-control', '00000000-0000-0000-0000-000000000004', 1, true, true);
insert into s_menu (id, created_at, created_by, updated_at, updated_by, deleted_at, icon, label, parent_id, path, permission_id, sort, valid, visible) values ('00000000-0000-0000-0000-000000000005', current_timestamp, 'initialize', current_timestamp, 'initialize', null, 'ant-design:codepen-outlined', '权限管理', '00000000-0000-0000-0000-000000000004', '/access-control/permission', '00000000-0000-0000-0000-000000000005', 0, true, true);
insert into s_menu (id, created_at, created_by, updated_at, updated_by, deleted_at, icon, label, parent_id, path, permission_id, sort, valid, visible) values ('00000000-0000-0000-0000-000000000006', current_timestamp, 'initialize', current_timestamp, 'initialize', null, 'ant-design:user-outlined', '用户管理', '00000000-0000-0000-0000-000000000004', '/access-control/user', '00000000-0000-0000-0000-000000000006', 1, true, true);
insert into s_menu (id, created_at, created_by, updated_at, updated_by, deleted_at, icon, label, parent_id, path, permission_id, sort, valid, visible) values ('00000000-0000-0000-0000-000000000007', current_timestamp, 'initialize', current_timestamp, 'initialize', null, 'ant-design:eye-twotone', '角色管理', '00000000-0000-0000-0000-000000000004', '/access-control/role', '00000000-0000-0000-0000-000000000007', 2, true, true);
insert into s_menu (id, created_at, created_by, updated_at, updated_by, deleted_at, icon, label, parent_id, path, permission_id, sort, valid, visible) values ('00000000-0000-0000-0000-000000000008', current_timestamp, 'initialize', current_timestamp, 'initialize', null, 'ant-design:profile-twotone', '技术文档', null, '/document', '00000000-0000-0000-0000-000000000008', 2, true, true);
insert into s_menu (id, created_at, created_by, updated_at, updated_by, deleted_at, icon, label, parent_id, path, permission_id, sort, valid, visible) values ('00000000-0000-0000-0000-000000000009', current_timestamp, 'initialize', current_timestamp, 'initialize', null, 'ant-design:file-zip-twotone', 'Vite文档', '00000000-0000-0000-0000-000000000008', '/document/vite', '00000000-0000-0000-0000-000000000009', 0, true, true);
insert into s_menu (id, created_at, created_by, updated_at, updated_by, deleted_at, icon, label, parent_id, path, permission_id, sort, valid, visible) values ('00000000-0000-0000-0000-000000000010', current_timestamp, 'initialize', current_timestamp, 'initialize', null, 'ant-design:block-outlined', 'NaiveUI文档', '00000000-0000-0000-0000-000000000008', '/document/naive', '00000000-0000-0000-0000-000000000010', 1, true, true);
insert into s_menu (id, created_at, created_by, updated_at, updated_by, deleted_at, icon, label, parent_id, path, permission_id, sort, valid, visible) values ('00000000-0000-0000-0000-000000000011', current_timestamp, 'initialize', current_timestamp, 'initialize', null, 'ant-design:reddit-square-filled', 'UnoCSS文档', '00000000-0000-0000-0000-000000000008', '/document/unocss', '00000000-0000-0000-0000-000000000011', 2, true, true);
insert into s_menu (id, created_at, created_by, updated_at, updated_by, deleted_at, icon, label, parent_id, path, permission_id, sort, valid, visible) values ('00000000-0000-0000-0000-000000000012', current_timestamp, 'initialize', current_timestamp, 'initialize', null, 'ant-design:node-index-outlined', 'Vue3文档', '00000000-0000-0000-0000-000000000008', '/document/vue3', '00000000-0000-0000-0000-000000000012', 3, true, true);
insert into s_menu (id, created_at, created_by, updated_at, updated_by, deleted_at, icon, label, parent_id, path, permission_id, sort, valid, visible) values ('00000000-0000-0000-0000-000000000013', current_timestamp, 'initialize', current_timestamp, 'initialize', null, 'ant-design:exclamation-circle-outlined', '其他信息', null, '/other', '00000000-0000-0000-0000-000000000013', 3, true, true);
insert into s_menu (id, created_at, created_by, updated_at, updated_by, deleted_at, icon, label, parent_id, path, permission_id, sort, valid, visible) values ('00000000-0000-0000-0000-000000000014', current_timestamp, 'initialize', current_timestamp, 'initialize', null, 'ant-design:read-outlined', '关于我', '00000000-0000-0000-0000-000000000013', '/other/about', '00000000-0000-0000-0000-000000000014', 0, true, true);

-- Insert user role data
insert into s_user_role (id, created_at, created_by, updated_at, updated_by, valid_begin, valid_end, role_id, user_id) values ('00000000-0000-0000-0000-000000000001', current_timestamp, 'initialize',  current_timestamp, 'initialize', null, null, '00000000-0000-0000-0000-000000000001', '00000000-0000-0000-0000-000000000001');
